date,geography,geography code,population,all_public transport,all_personal transport,all_other
2011,Barking and Dagenham 001,E02000002,2325,959,1076,290
2011,Barking and Dagenham 002,E02000003,4226,1963,1778,485
2011,Barking and Dagenham 003,E02000004,2676,968,1322,386
2011,Barking and Dagenham 004,E02000005,3369,1430,1503,436
2011,Barking and Dagenham 006,E02000007,3142,1424,1310,408
2011,Barking and Dagenham 007,E02000008,4308,1900,1853,555
2011,Barking and Dagenham 008,E02000009,3274,1550,1358,366
2011,Barking and Dagenham 009,E02000010,3260,1564,1300,396
2011,Barking and Dagenham 010,E02000011,2590,1265,986,339
2011,Barking and Dagenham 011,E02000012,3950,1935,1563,452
2011,Barking and Dagenham 012,E02000013,3131,1433,1298,400
2011,Barking and Dagenham 013,E02000014,3573,1714,1356,503
2011,Barking and Dagenham 014,E02000015,2734,1317,1032,385
2011,Barking and Dagenham 015,E02000016,3065,2130,614,321
2011,Barking and Dagenham 016,E02000017,3493,2038,1030,425
2011,Barking and Dagenham 017,E02000018,3231,1595,1273,363
2011,Barking and Dagenham 018,E02000019,3265,1495,1325,445
2011,Barking and Dagenham 019,E02000020,3387,1802,1148,437
2011,Barking and Dagenham 020,E02000021,3094,1400,1264,430
2011,Barking and Dagenham 021,E02000022,2791,1736,711,344
2011,Barking and Dagenham 022,E02000023,2231,1188,788,255
2011,Barking and Dagenham 023,E02006799,3614,1573,1563,478
2011,Barnet 001,E02000024,4465,1788,1954,723
2011,Barnet 002,E02000025,3602,1487,1701,414
2011,Barnet 003,E02000026,2704,986,1438,280
2011,Barnet 004,E02000027,3796,1421,1832,543
2011,Barnet 005,E02000028,2783,1142,1343,298
2011,Barnet 006,E02000029,3812,1543,1804,465
2011,Barnet 007,E02000030,3488,1126,2015,347
2011,Barnet 008,E02000031,3035,1495,1229,311
2011,Barnet 009,E02000032,3415,1346,1700,369
2011,Barnet 010,E02000033,3663,1637,1637,389
2011,Barnet 011,E02000034,3711,1566,1683,462
2011,Barnet 012,E02000035,3526,1894,1257,375
2011,Barnet 013,E02000036,4393,1749,2196,448
2011,Barnet 014,E02000037,3813,1364,2016,433
2011,Barnet 015,E02000038,4759,2384,1829,546
2011,Barnet 016,E02000039,2789,1128,1362,299
2011,Barnet 017,E02000040,2709,1090,1198,421
2011,Barnet 018,E02000041,3646,1662,1489,495
2011,Barnet 019,E02000042,4958,2738,1525,695
2011,Barnet 020,E02000043,3256,1711,1191,354
2011,Barnet 021,E02000044,3312,1633,1307,372
2011,Barnet 022,E02000045,4581,2415,1582,584
2011,Barnet 023,E02000046,3510,2168,929,413
2011,Barnet 024,E02000047,4571,2412,1618,541
2011,Barnet 025,E02000048,4167,1778,1967,422
2011,Barnet 026,E02000049,2983,1576,1053,354
2011,Barnet 027,E02000050,4543,2359,1554,630
2011,Barnet 028,E02000051,3574,1812,1334,428
2011,Barnet 029,E02000052,4925,3070,1253,602
2011,Barnet 030,E02000053,3836,2115,1226,495
2011,Barnet 031,E02000054,3193,1523,1255,415
2011,Barnet 032,E02000055,4645,2444,1503,698
2011,Barnet 033,E02000056,3521,1603,1481,437
2011,Barnet 034,E02000057,2971,1396,1086,489
2011,Barnet 035,E02000058,4148,2236,1387,525
2011,Barnet 036,E02000059,4554,2280,1613,661
2011,Barnet 037,E02000060,3842,1937,1220,685
2011,Barnet 038,E02000061,3512,2279,860,373
2011,Barnet 039,E02000062,2703,1505,761,437
2011,Barnet 040,E02000063,2915,1661,900,354
2011,Barnet 041,E02000064,2530,1550,652,328
2011,Bexley 001,E02000065,2975,1670,1058,247
2011,Bexley 002,E02000066,3770,2081,1310,379
2011,Bexley 003,E02000067,3805,1622,1704,479
2011,Bexley 004,E02000068,3041,1372,1269,400
2011,Bexley 005,E02000069,2593,895,1352,346
2011,Bexley 006,E02000070,3528,1215,1882,431
2011,Bexley 007,E02000071,3326,1065,1771,490
2011,Bexley 008,E02000072,4397,1820,1955,622
2011,Bexley 009,E02000073,4787,1714,2525,548
2011,Bexley 010,E02000074,3164,1050,1659,455
2011,Bexley 011,E02000075,3609,1296,1835,478
2011,Bexley 013,E02000077,3617,1401,1746,470
2011,Bexley 014,E02000078,3752,1338,1981,433
2011,Bexley 015,E02000079,3574,1520,1528,526
2011,Bexley 016,E02000080,4231,1685,2027,519
2011,Bexley 017,E02000081,3241,1141,1621,479
2011,Bexley 018,E02000082,4284,1580,2209,495
2011,Bexley 019,E02000083,4280,1443,2271,566
2011,Bexley 020,E02000084,4945,1717,2589,639
2011,Bexley 021,E02000085,3716,1201,1988,527
2011,Bexley 022,E02000086,3544,1162,1900,482
2011,Bexley 023,E02000087,3326,1295,1651,380
2011,Bexley 024,E02000088,3651,1333,1872,446
2011,Bexley 025,E02000089,3514,1331,1747,436
2011,Bexley 026,E02000090,3908,1811,1559,538
2011,Bexley 027,E02000091,4047,1667,1787,593
2011,Bexley 028,E02000092,2594,846,1391,357
2011,Bexley 029,E02006785,2798,1178,1293,327
2011,Brent 001,E02000093,4857,2346,1967,544
2011,Brent 002,E02000094,3784,1760,1570,454
2011,Brent 003,E02000095,4226,2161,1636,429
2011,Brent 004,E02000096,3351,1553,1478,320
2011,Brent 005,E02000097,3784,1725,1667,392
2011,Brent 006,E02000098,3334,1792,1266,276
2011,Brent 007,E02000099,3713,2190,1203,320
2011,Brent 008,E02000100,3808,1549,1560,699
2011,Brent 009,E02000101,3609,1975,1254,380
2011,Brent 010,E02000102,2943,1492,1045,406
2011,Brent 011,E02000103,3305,1711,1168,426
2011,Brent 012,E02000104,2829,1470,994,365
2011,Brent 013,E02000105,3988,2267,1349,372
2011,Brent 014,E02000106,4197,2449,1196,552
2011,Brent 015,E02000107,5169,3538,974,657
2011,Brent 016,E02000108,2846,1635,943,268
2011,Brent 017,E02000109,4380,2502,1324,554
2011,Brent 018,E02000110,3975,2569,848,558
2011,Brent 019,E02000111,4362,2438,1268,656
2011,Brent 020,E02000112,4421,2628,1129,664
2011,Brent 021,E02000113,3183,1625,1085,473
2011,Brent 022,E02000114,4581,3163,842,576
2011,Brent 023,E02000115,4281,3016,683,582
2011,Brent 024,E02000116,3486,2417,609,460
2011,Brent 025,E02000117,4289,2476,1099,714
2011,Brent 026,E02000118,4161,1971,1371,819
2011,Brent 027,E02000119,2348,1293,725,330
2011,Brent 028,E02000120,4947,3414,634,899
2011,Brent 029,E02000121,4139,2176,1118,845
2011,Brent 030,E02000122,3580,2069,869,642
2011,Brent 031,E02000123,6014,3805,1202,1007
2011,Brent 032,E02000124,5157,3400,752,1005
2011,Brent 033,E02000125,5217,3152,1072,993
2011,Brent 034,E02000126,2970,1977,503,490
2011,Bromley 001,E02000127,3379,1501,1490,388
2011,Bromley 002,E02000128,3354,1365,1547,442
2011,Bromley 004,E02000130,3781,2234,1046,501
2011,Bromley 005,E02000131,4537,3088,899,550
2011,Bromley 006,E02000132,4518,2873,1237,408
2011,Bromley 007,E02000133,3993,2115,1592,286
2011,Bromley 008,E02000134,5260,2759,1621,880
2011,Bromley 009,E02000135,3922,2314,1059,549
2011,Bromley 010,E02000136,2068,717,1129,222
2011,Bromley 011,E02000137,3685,1889,1352,444
2011,Bromley 012,E02000138,3790,2146,1272,372
2011,Bromley 013,E02000139,3734,2132,1176,426
2011,Bromley 014,E02000140,2999,1064,1470,465
2011,Bromley 015,E02000141,3381,1801,1138,442
2011,Bromley 016,E02000142,3679,1656,1393,630
2011,Bromley 018,E02000144,4253,2201,1336,716
2011,Bromley 019,E02000145,3042,1151,1440,451
2011,Bromley 020,E02000146,3882,1797,1518,567
2011,Bromley 021,E02000147,3295,1365,1540,390
2011,Bromley 022,E02000148,2735,1287,1167,281
2011,Bromley 023,E02000149,3321,1236,1648,437
2011,Bromley 024,E02000150,3667,1508,1734,425
2011,Bromley 025,E02000151,3190,1606,1257,327
2011,Bromley 026,E02000152,2655,976,1325,354
2011,Bromley 027,E02000153,3437,1345,1662,430
2011,Bromley 028,E02000154,3562,1563,1506,493
2011,Bromley 029,E02000155,2969,1028,1522,419
2011,Bromley 030,E02000156,5159,2075,2393,691
2011,Bromley 031,E02000157,3340,1430,1514,396
2011,Bromley 032,E02000158,2846,1066,1407,373
2011,Bromley 033,E02000159,2736,930,1491,315
2011,Bromley 034,E02000160,3389,1207,1779,403
2011,Bromley 035,E02000161,3803,1595,1770,438
2011,Bromley 036,E02000162,2746,854,1473,419
2011,Bromley 037,E02000163,3306,1265,1683,358
2011,Bromley 039,E02000165,3462,716,2379,367
2011,Bromley 040,E02006782,3177,1353,1402,422
2011,Bromley 041,E02006787,3542,1765,1297,480
2011,Bromley 042,E02006789,2602,565,1739,298
2011,Camden 001,E02000166,3274,1828,562,884
2011,Camden 002,E02000167,3419,2148,545,726
2011,Camden 003,E02000168,3789,2332,381,1076
2011,Camden 004,E02000169,2911,1812,591,508
2011,Camden 005,E02000170,4443,3172,594,677
2011,Camden 006,E02000171,3608,2207,439,962
2011,Camden 007,E02000172,3778,2131,436,1211
2011,Camden 008,E02000173,3662,2451,407,804
2011,Camden 009,E02000174,4090,2575,370,1145
2011,Camden 010,E02000175,5042,3911,490,641
2011,Camden 011,E02000176,3353,2400,331,622
2011,Camden 012,E02000177,3690,2289,405,996
2011,Camden 013,E02000178,4474,3332,475,667
2011,Camden 014,E02000179,2626,1688,347,591
2011,Camden 015,E02000180,3491,2035,330,1126
2011,Camden 016,E02000181,4328,3253,437,638
2011,Camden 017,E02000182,2643,1846,336,461
2011,Camden 018,E02000183,3525,1828,437,1260
2011,Camden 019,E02000184,3551,2164,341,1046
2011,Camden 020,E02000185,3348,2313,407,628
2011,Camden 021,E02000186,3087,1710,246,1131
2011,Camden 022,E02000187,2660,1459,259,942
2011,Camden 023,E02000188,2756,1530,243,983
2011,Camden 024,E02000189,1947,969,112,866
2011,Camden 025,E02000190,2470,1153,145,1172
2011,Camden 026,E02000191,2710,1187,149,1374
2011,Camden 027,E02000192,3076,1221,159,1696
2011,Camden 028,E02000193,3524,1549,159,1816
2011,City of London 001,E02000001,4084,1405,135,2544
2011,Croydon 001,E02000194,4097,2441,1141,515
2011,Croydon 002,E02000195,4030,1933,1616,481
2011,Croydon 003,E02000196,3107,1675,1068,364
2011,Croydon 004,E02000197,3817,2165,1228,424
2011,Croydon 005,E02000198,3364,1846,1125,393
2011,Croydon 006,E02000199,3619,2013,1192,414
2011,Croydon 007,E02000200,3741,2241,1122,378
2011,Croydon 008,E02000201,3429,2050,1026,353
2011,Croydon 009,E02000202,3682,1952,1251,479
2011,Croydon 010,E02000203,3229,1846,944,439
2011,Croydon 011,E02000204,3811,1972,1299,540
2011,Croydon 013,E02000206,3863,2136,1181,546
2011,Croydon 014,E02000207,3730,1952,1287,491
2011,Croydon 015,E02000208,3850,1943,1120,787
2011,Croydon 016,E02000209,3459,1641,1289,529
2011,Croydon 017,E02000210,4021,2113,1265,643
2011,Croydon 018,E02000211,3771,1321,2039,411
2011,Croydon 019,E02000212,3460,1654,1014,792
2011,Croydon 020,E02000213,3899,2205,855,839
2011,Croydon 021,E02000214,2914,1433,1057,424
2011,Croydon 022,E02000215,5253,3290,1074,889
2011,Croydon 023,E02000216,2956,1830,727,399
2011,Croydon 024,E02000217,4632,2405,1238,989
2011,Croydon 025,E02000218,2599,1153,1185,261
2011,Croydon 026,E02000219,3348,1319,1671,358
2011,Croydon 027,E02000220,5151,2847,1199,1105
2011,Croydon 028,E02000221,4070,1713,1644,713
2011,Croydon 029,E02000222,4000,2117,1311,572
2011,Croydon 030,E02000223,2657,1248,1044,365
2011,Croydon 031,E02000224,3821,1999,1388,434
2011,Croydon 032,E02000225,3050,1145,1476,429
2011,Croydon 033,E02000226,3371,1257,1751,363
2011,Croydon 034,E02000227,5419,1914,2958,547
2011,Croydon 035,E02000228,3218,1260,1649,309
2011,Croydon 036,E02000229,2250,851,1058,341
2011,Croydon 037,E02000230,4448,2292,1717,439
2011,Croydon 038,E02000231,3205,1217,1715,273
2011,Croydon 039,E02000232,2567,764,1496,307
2011,Croydon 040,E02000233,2651,1137,1246,268
2011,Croydon 041,E02000234,3567,1449,1736,382
2011,Croydon 042,E02000235,3135,1204,1633,298
2011,Croydon 043,E02000236,3506,1175,1963,368
2011,Croydon 044,E02000237,3082,921,1808,353
2011,Croydon 045,E02006788,3190,1691,1120,379
2011,Ealing 001,E02000238,4379,1986,1896,497
2011,Ealing 002,E02000239,4379,2162,1797,420
2011,Ealing 003,E02000240,4088,1928,1741,419
2011,Ealing 004,E02000241,3076,1467,1307,302
2011,Ealing 005,E02000242,3054,1363,1175,516
2011,Ealing 006,E02000243,3829,1800,1611,418
2011,Ealing 007,E02000244,3406,1626,1327,453
2011,Ealing 008,E02000245,3147,1377,1451,319
2011,Ealing 009,E02000246,3254,1248,1702,304
2011,Ealing 010,E02000247,4124,1734,1932,458
2011,Ealing 011,E02000248,3450,1914,1026,510
2011,Ealing 012,E02000249,3345,1535,1396,414
2011,Ealing 013,E02000250,2857,1430,996,431
2011,Ealing 014,E02000251,3563,1422,1754,387
2011,Ealing 015,E02000252,4570,2826,1008,736
2011,Ealing 016,E02000253,3734,1829,1405,500
2011,Ealing 017,E02000254,3892,1438,1960,494
2011,Ealing 018,E02000255,3972,2042,1384,546
2011,Ealing 019,E02000256,4303,2573,1102,628
2011,Ealing 020,E02000257,6759,4210,1650,899
2011,Ealing 021,E02000258,2952,1626,777,549
2011,Ealing 022,E02000259,3034,1447,1119,468
2011,Ealing 023,E02000260,3480,1525,1421,534
2011,Ealing 024,E02000261,4830,2795,1115,920
2011,Ealing 025,E02000262,4219,2460,963,796
2011,Ealing 026,E02000263,4500,2023,1707,770
2011,Ealing 027,E02000264,4005,2408,1036,561
2011,Ealing 028,E02000265,5403,3014,1490,899
2011,Ealing 029,E02000266,4196,1788,1781,627
2011,Ealing 030,E02000267,3463,1792,1085,586
2011,Ealing 031,E02000268,4496,2561,1215,720
2011,Ealing 032,E02000269,4156,2453,1071,632
2011,Ealing 033,E02000270,3174,1892,721,561
2011,Ealing 034,E02000271,3291,1864,798,629
2011,Ealing 035,E02000272,3292,1692,1110,490
2011,Ealing 037,E02000274,4962,2252,1980,730
2011,Ealing 038,E02000275,2784,969,1360,455
2011,Ealing 039,E02000276,3465,2080,903,482
2011,Ealing 040,E02006791,3574,2068,797,709
2011,Enfield 001,E02000277,2969,954,1618,397
2011,Enfield 002,E02000278,3031,1068,1490,473
2011,Enfield 003,E02000279,4264,1800,1948,516
2011,Enfield 004,E02000280,3691,1242,1855,594
2011,Enfield 005,E02000281,3633,1131,1929,573
2011,Enfield 006,E02000282,3050,1171,1463,416
2011,Enfield 007,E02000283,3180,1017,1708,455
2011,Enfield 008,E02000284,3813,1600,1586,627
2011,Enfield 009,E02000285,2994,839,1595,560
2011,Enfield 010,E02000286,3886,1628,1703,555
2011,Enfield 011,E02000287,2550,932,1390,228
2011,Enfield 012,E02000288,3887,1545,1742,600
2011,Enfield 013,E02000289,2724,965,1483,276
2011,Enfield 014,E02000290,2451,1083,1026,342
2011,Enfield 015,E02000291,3838,1670,1599,569
2011,Enfield 016,E02000292,4146,1575,1958,613
2011,Enfield 017,E02000293,2646,951,1405,290
2011,Enfield 018,E02000294,3273,1297,1582,394
2011,Enfield 019,E02000295,3496,1570,1593,333
2011,Enfield 020,E02000296,4170,2211,1535,424
2011,Enfield 021,E02000297,4244,1411,2307,526
2011,Enfield 022,E02000298,3612,1669,1582,361
2011,Enfield 023,E02000299,3340,1593,1352,395
2011,Enfield 024,E02000300,3116,1425,1326,365
2011,Enfield 025,E02000301,3469,1699,1373,397
2011,Enfield 026,E02000302,3465,1422,1663,380
2011,Enfield 027,E02000303,2694,1211,1117,366
2011,Enfield 028,E02000304,3567,1639,1566,362
2011,Enfield 029,E02000305,4201,2278,1485,438
2011,Enfield 030,E02000306,2892,1576,949,367
2011,Enfield 031,E02000307,3849,1641,1799,409
2011,Enfield 032,E02000308,3403,1985,1050,368
2011,Enfield 033,E02000309,3736,1867,1346,523
2011,Enfield 035,E02000311,4269,2109,1672,488
2011,Enfield 036,E02000312,5281,3217,1514,550
2011,Enfield 037,E02006793,3029,1488,1069,472
2011,Greenwich 001,E02000313,2596,1531,787,278
2011,Greenwich 002,E02000314,5129,3071,1539,519
2011,Greenwich 003,E02000315,3244,1856,1075,313
2011,Greenwich 004,E02000316,5224,3598,906,720
2011,Greenwich 005,E02000317,2861,1739,719,403
2011,Greenwich 006,E02000318,3980,2582,979,419
2011,Greenwich 007,E02000319,4686,3016,1081,589
2011,Greenwich 008,E02000320,2778,1534,967,277
2011,Greenwich 009,E02000321,2832,1722,706,404
2011,Greenwich 011,E02000323,4062,2565,997,500
2011,Greenwich 012,E02000324,2841,1688,761,392
2011,Greenwich 014,E02000326,3343,2115,761,467
2011,Greenwich 015,E02000327,2478,1300,568,610
2011,Greenwich 016,E02000328,3118,2075,600,443
2011,Greenwich 017,E02000329,2673,1182,1122,369
2011,Greenwich 019,E02000331,3387,1870,1041,476
2011,Greenwich 020,E02000332,3204,1515,1253,436
2011,Greenwich 021,E02000333,3151,2003,657,491
2011,Greenwich 022,E02000334,2771,1248,1120,403
2011,Greenwich 023,E02000335,3087,1314,1284,489
2011,Greenwich 025,E02000337,3295,1578,1249,468
2011,Greenwich 027,E02000339,2647,1311,964,372
2011,Greenwich 028,E02000340,2776,1364,1065,347
2011,Greenwich 029,E02000341,2899,1324,1158,417
2011,Greenwich 030,E02000342,2484,1235,910,339
2011,Greenwich 031,E02000343,2740,1245,1166,329
2011,Greenwich 032,E02000344,2941,1323,1263,355
2011,Greenwich 033,E02006786,2790,1392,1078,320
2011,Greenwich 034,E02006927,3350,1873,1048,429
2011,Greenwich 035,E02006928,3367,2414,416,537
2011,Greenwich 036,E02006929,3723,2671,532,520
2011,Greenwich 037,E02006930,3556,2458,533,565
2011,Greenwich 038,E02006931,4586,3262,632,692
2011,Hackney 001,E02000345,2776,1239,521,1016
2011,Hackney 002,E02000346,2184,1585,280,319
2011,Hackney 003,E02000347,2692,1337,431,924
2011,Hackney 004,E02000348,2555,1369,393,793
2011,Hackney 006,E02000350,4519,2583,560,1376
2011,Hackney 007,E02000351,4920,3514,448,958
2011,Hackney 008,E02000352,2942,1603,397,942
2011,Hackney 009,E02000353,4013,2270,448,1295
2011,Hackney 010,E02000354,3928,2345,454,1129
2011,Hackney 011,E02000355,3840,2141,531,1168
2011,Hackney 012,E02000356,3847,2244,386,1217
2011,Hackney 013,E02000357,1972,1268,365,339
2011,Hackney 014,E02000358,5353,3256,547,1550
2011,Hackney 015,E02000359,2826,1475,430,921
2011,Hackney 016,E02000360,4673,2828,524,1321
2011,Hackney 017,E02000361,3746,2263,344,1139
2011,Hackney 018,E02000362,2572,1477,401,694
2011,Hackney 019,E02000363,3767,2315,561,891
2011,Hackney 020,E02000364,4336,2330,415,1591
2011,Hackney 021,E02000365,6683,3976,593,2114
2011,Hackney 022,E02000366,3501,1931,488,1082
2011,Hackney 023,E02000367,4936,2833,463,1640
2011,Hackney 024,E02000368,3936,2120,448,1368
2011,Hackney 025,E02000369,5167,3005,508,1654
2011,Hackney 026,E02000370,3659,1897,329,1433
2011,Hackney 027,E02000371,6315,3204,379,2732
2011,Hackney 028,E02006918,2846,1750,492,604
2011,Hackney 029,E02006921,2487,1430,381,676
2011,Hammersmith and Fulham 001,E02000372,3840,2320,595,925
2011,Hammersmith and Fulham 002,E02000373,2322,1458,360,504
2011,Hammersmith and Fulham 003,E02000374,3035,1817,481,737
2011,Hammersmith and Fulham 004,E02000375,3442,2184,378,880
2011,Hammersmith and Fulham 005,E02000376,3724,2263,442,1019
2011,Hammersmith and Fulham 006,E02000377,4000,2451,541,1008
2011,Hammersmith and Fulham 007,E02000378,3608,2331,375,902
2011,Hammersmith and Fulham 008,E02000379,3604,2127,588,889
2011,Hammersmith and Fulham 009,E02000380,2897,1718,367,812
2011,Hammersmith and Fulham 010,E02000381,3873,2409,441,1023
2011,Hammersmith and Fulham 011,E02000382,2893,1758,384,751
2011,Hammersmith and Fulham 012,E02000383,4730,3103,501,1126
2011,Hammersmith and Fulham 013,E02000384,3363,2114,328,921
2011,Hammersmith and Fulham 014,E02000385,3875,2730,328,817
2011,Hammersmith and Fulham 015,E02000386,3701,2420,378,903
2011,Hammersmith and Fulham 016,E02000387,3127,1853,355,919
2011,Hammersmith and Fulham 017,E02000388,4445,2804,457,1184
2011,Hammersmith and Fulham 018,E02000389,4107,2333,601,1173
2011,Hammersmith and Fulham 019,E02000390,3312,1978,443,891
2011,Hammersmith and Fulham 020,E02000391,3629,2287,442,900
2011,Hammersmith and Fulham 021,E02000392,4950,3277,541,1132
2011,Hammersmith and Fulham 022,E02000393,3411,2102,459,850
2011,Hammersmith and Fulham 023,E02000394,3637,2077,510,1050
2011,Hammersmith and Fulham 024,E02000395,2988,1930,406,652
2011,Hammersmith and Fulham 025,E02000396,3032,1756,429,847
2011,Haringey 001,E02000397,3677,2593,693,391
2011,Haringey 002,E02000398,2263,1413,557,293
2011,Haringey 004,E02000400,3341,2169,802,370
2011,Haringey 005,E02000401,2226,1201,714,311
2011,Haringey 006,E02000402,2262,1373,621,268
2011,Haringey 007,E02000403,3600,2562,634,404
2011,Haringey 008,E02000404,2984,2021,604,359
2011,Haringey 009,E02000405,3070,1766,832,472
2011,Haringey 010,E02000406,3025,2039,573,413
2011,Haringey 011,E02000407,2682,1759,579,344
2011,Haringey 012,E02000408,2616,1732,519,365
2011,Haringey 013,E02000409,2407,1489,565,353
2011,Haringey 014,E02000410,3298,1972,815,511
2011,Haringey 015,E02000411,2896,2013,555,328
2011,Haringey 016,E02000412,2996,2120,427,449
2011,Haringey 017,E02000413,3187,1796,841,550
2011,Haringey 018,E02000414,3093,2027,601,465
2011,Haringey 019,E02000415,3217,2278,544,395
2011,Haringey 020,E02000416,3521,2244,699,578
2011,Haringey 021,E02000417,3336,2103,685,548
2011,Haringey 022,E02000418,2604,1429,646,529
2011,Haringey 023,E02000419,4108,2865,584,659
2011,Haringey 024,E02000420,3138,2177,509,452
2011,Haringey 025,E02000421,2890,2167,394,329
2011,Haringey 026,E02000422,3191,2210,543,438
2011,Haringey 027,E02000423,3432,2425,459,548
2011,Haringey 028,E02000424,3648,2352,605,691
2011,Haringey 029,E02000425,2483,1343,595,545
2011,Haringey 030,E02000426,3070,1847,733,490
2011,Haringey 031,E02000427,3682,2671,437,574
2011,Haringey 032,E02000428,2822,1896,494,432
2011,Haringey 033,E02000429,3538,2187,691,660
2011,Haringey 034,E02000430,4224,2786,663,775
2011,Haringey 035,E02000431,3786,2630,510,646
2011,Haringey 036,E02000432,3522,2508,409,605
2011,Haringey 037,E02006794,2370,1536,517,317
2011,Harrow 001,E02000433,2932,1155,1548,229
2011,Harrow 002,E02000434,3531,1567,1597,367
2011,Harrow 003,E02000435,2914,1029,1593,292
2011,Harrow 004,E02000436,2418,830,1425,163
2011,Harrow 005,E02000437,3554,1309,1840,405
2011,Harrow 006,E02000438,3156,1238,1579,339
2011,Harrow 007,E02000439,3602,1717,1446,439
2011,Harrow 008,E02000440,4181,1553,2259,369
2011,Harrow 009,E02000441,2706,1141,1320,245
2011,Harrow 010,E02000442,3852,1837,1587,428
2011,Harrow 011,E02000443,3871,1695,1617,559
2011,Harrow 012,E02000444,3684,1559,1767,358
2011,Harrow 013,E02000445,4355,2054,1653,648
2011,Harrow 015,E02000447,3086,1178,1557,351
2011,Harrow 016,E02000448,2765,1240,1214,311
2011,Harrow 017,E02000449,3607,1652,1536,419
2011,Harrow 019,E02000451,2865,1248,1338,279
2011,Harrow 020,E02000452,4062,2214,1140,708
2011,Harrow 021,E02000453,3522,1774,1288,460
2011,Harrow 022,E02000454,3036,1209,1565,262
2011,Harrow 023,E02000455,3785,2160,1077,548
2011,Harrow 024,E02000456,3254,1642,1179,433
2011,Harrow 025,E02000457,2632,1193,1158,281
2011,Harrow 027,E02000459,3474,1757,1317,400
2011,Harrow 028,E02000460,2579,1182,1137,260
2011,Harrow 029,E02000461,3033,1419,1134,480
2011,Harrow 030,E02000462,2780,1330,1168,282
2011,Harrow 031,E02000463,3469,1313,1797,359
2011,Harrow 032,E02006795,3599,1648,1617,334
2011,Harrow 033,E02006882,6583,2715,3096,772
2011,Havering 001,E02000464,2463,780,1368,315
2011,Havering 002,E02000465,3229,1150,1668,411
2011,Havering 003,E02000466,3400,1034,1966,400
2011,Havering 004,E02000467,3660,1266,1775,619
2011,Havering 005,E02000468,3365,1040,1886,439
2011,Havering 006,E02000469,2516,818,1350,348
2011,Havering 007,E02000470,3607,1433,1794,380
2011,Havering 008,E02000471,3236,966,1849,421
2011,Havering 009,E02000472,4115,1303,2233,579
2011,Havering 010,E02000473,4487,1642,2355,490
2011,Havering 011,E02000474,3703,1262,1876,565
2011,Havering 012,E02000475,4278,1902,1880,496
2011,Havering 013,E02000476,3893,1839,1301,753
2011,Havering 014,E02000477,4444,1699,2153,592
2011,Havering 015,E02000478,2465,762,1488,215
2011,Havering 016,E02000479,3987,1661,1604,722
2011,Havering 017,E02000480,4514,1633,1983,898
2011,Havering 018,E02000481,3273,1250,1685,338
2011,Havering 019,E02000482,2663,1259,1119,285
2011,Havering 020,E02000483,3426,1340,1627,459
2011,Havering 021,E02000484,3994,1360,2061,573
2011,Havering 022,E02000485,3652,1689,1553,410
2011,Havering 023,E02000486,3495,1553,1548,394
2011,Havering 024,E02000487,3314,1360,1568,386
2011,Havering 025,E02000488,3523,1475,1626,422
2011,Havering 026,E02000489,3515,1540,1587,388
2011,Havering 027,E02000490,3388,1235,1797,356
2011,Havering 028,E02000491,3596,1164,1963,469
2011,Havering 029,E02000492,2798,833,1644,321
2011,Havering 030,E02000493,2718,983,1393,342
2011,Hillingdon 001,E02000494,3027,1119,1611,297
2011,Hillingdon 002,E02000495,4236,1741,2043,452
2011,Hillingdon 003,E02000496,3236,475,2237,524
2011,Hillingdon 004,E02000497,3785,1336,2067,382
2011,Hillingdon 005,E02000498,2726,667,1738,321
2011,Hillingdon 006,E02000499,3473,1325,1782,366
2011,Hillingdon 007,E02000500,3557,1205,1968,384
2011,Hillingdon 008,E02000501,3855,1310,2130,415
2011,Hillingdon 009,E02000502,3699,1369,1883,447
2011,Hillingdon 010,E02000503,4723,1451,2429,843
2011,Hillingdon 011,E02000504,3225,829,2045,351
2011,Hillingdon 013,E02000506,3320,771,2133,416
2011,Hillingdon 014,E02000507,3723,895,2367,461
2011,Hillingdon 015,E02000508,3698,1156,1745,797
2011,Hillingdon 016,E02000509,3867,1230,1668,969
2011,Hillingdon 017,E02000510,3848,940,2218,690
2011,Hillingdon 018,E02000511,4213,1009,2746,458
2011,Hillingdon 019,E02000512,3331,954,1911,466
2011,Hillingdon 020,E02000513,3517,1111,2019,387
2011,Hillingdon 021,E02000514,4147,1344,2348,455
2011,Hillingdon 022,E02000515,4732,1306,2561,865
2011,Hillingdon 023,E02000516,3568,1005,2137,426
2011,Hillingdon 024,E02000517,3448,1114,1923,411
2011,Hillingdon 025,E02000518,3644,917,2055,672
2011,Hillingdon 026,E02000519,3455,1196,1788,471
2011,Hillingdon 027,E02000520,4515,1685,2227,603
2011,Hillingdon 028,E02000521,4074,1265,2300,509
2011,Hillingdon 029,E02000522,3711,1132,2041,538
2011,Hillingdon 030,E02000523,4116,1572,2097,447
2011,Hillingdon 031,E02000524,3164,1138,1606,420
2011,Hillingdon 032,E02000525,3945,1792,1714,439
2011,Hillingdon 033,E02006796,3980,1411,2089,480
2011,Hounslow 001,E02000526,4033,2324,836,873
2011,Hounslow 003,E02000528,4751,2302,1547,902
2011,Hounslow 004,E02000529,3541,1229,1882,430
2011,Hounslow 005,E02000530,2417,906,1242,269
2011,Hounslow 006,E02000531,4970,2363,1621,986
2011,Hounslow 007,E02000532,4099,1986,1194,919
2011,Hounslow 008,E02000533,4034,1995,1174,865
2011,Hounslow 009,E02000534,3976,1534,1842,600
2011,Hounslow 010,E02000535,4147,1544,2174,429
2011,Hounslow 011,E02000536,4032,1617,1896,519
2011,Hounslow 012,E02000537,4185,2276,1468,441
2011,Hounslow 013,E02000538,3840,1530,1836,474
2011,Hounslow 014,E02000539,5164,2217,1977,970
2011,Hounslow 015,E02000540,4297,2245,1397,655
2011,Hounslow 016,E02000541,3858,1957,1447,454
2011,Hounslow 017,E02000542,4238,2339,1389,510
2011,Hounslow 018,E02000543,5745,3374,1672,699
2011,Hounslow 019,E02000544,3870,1387,1898,585
2011,Hounslow 020,E02000545,3596,1336,1505,755
2011,Hounslow 021,E02000546,4246,1859,1805,582
2011,Hounslow 021,E02000547,4358,1435,2245,678
2011,Hounslow 023,E02000548,4145,1182,2327,636
2011,Hounslow 024,E02000549,5029,1634,2640,755
2011,Hounslow 025,E02000550,4744,1808,2188,748
2011,Hounslow 026,E02000551,3500,1188,1773,539
2011,Hounslow 027,E02000552,4075,1083,2437,555
2011,Hounslow 028,E02000553,2981,750,1772,459
2011,Hounslow 029,E02006792,4411,2561,997,853
2011,Islington 001,E02000554,3883,2461,531,891
2011,Islington 002,E02000555,4265,2793,580,892
2011,Islington 003,E02000556,5010,3396,518,1096
2011,Islington 004,E02000557,3816,2519,446,851
2011,Islington 005,E02000558,3201,2110,371,720
2011,Islington 006,E02000559,4856,3412,403,1041
2011,Islington 007,E02000560,3756,2625,350,781
2011,Islington 008,E02000561,3787,2264,459,1064
2011,Islington 009,E02000562,3656,2262,397,997
2011,Islington 010,E02000563,3664,2328,365,971
2011,Islington 011,E02000564,5838,4022,465,1351
2011,Islington 012,E02000565,3538,2257,358,923
2011,Islington 013,E02000566,4365,2807,374,1184
2011,Islington 014,E02000567,5329,3314,485,1530
2011,Islington 015,E02000568,3664,2229,400,1035
2011,Islington 016,E02000569,4724,2977,444,1303
2011,Islington 017,E02000570,4719,2579,408,1732
2011,Islington 018,E02000571,3707,2053,327,1327
2011,Islington 019,E02000572,3080,1773,293,1014
2011,Islington 020,E02000573,4667,2517,306,1844
2011,Islington 021,E02000574,4029,2046,296,1687
2011,Islington 022,E02000575,5547,2309,321,2917
2011,Islington 023,E02000576,3900,1687,299,1914
2011,Kensington and Chelsea 001,E02000577,2577,1486,430,661
2011,Kensington and Chelsea 002,E02000578,2039,1152,385,502
2011,Kensington and Chelsea 003,E02000579,3752,2086,678,988
2011,Kensington and Chelsea 004,E02000580,4049,2455,520,1074
2011,Kensington and Chelsea 005,E02000581,2610,1501,403,706
2011,Kensington and Chelsea 006,E02000582,3764,2517,386,861
2011,Kensington and Chelsea 007,E02000583,3230,1963,457,810
2011,Kensington and Chelsea 008,E02000584,3611,2284,439,888
2011,Kensington and Chelsea 009,E02000585,3439,2058,595,786
2011,Kensington and Chelsea 010,E02000586,3267,1876,481,910
2011,Kensington and Chelsea 011,E02000587,3055,1877,409,769
2011,Kensington and Chelsea 012,E02000588,3645,1930,461,1254
2011,Kensington and Chelsea 013,E02000589,3740,2466,446,828
2011,Kensington and Chelsea 014,E02000590,2936,1744,364,828
2011,Kensington and Chelsea 015,E02000591,3137,2143,343,651
2011,Kensington and Chelsea 016,E02000592,3195,2106,366,723
2011,Kensington and Chelsea 017,E02000593,3775,2526,468,781
2011,Kensington and Chelsea 018,E02000594,3056,1637,483,936
2011,Kensington and Chelsea 019,E02000595,3190,1703,521,966
2011,Kensington and Chelsea 020,E02000596,3549,1955,575,1019
2011,Kensington and Chelsea 021,E02000597,2802,1586,457,759
2011,Kingston upon Thames 001,E02000598,3374,1183,1425,766
2011,Kingston upon Thames 002,E02000599,2608,1039,1189,380
2011,Kingston upon Thames 003,E02000600,3611,1721,1060,830
2011,Kingston upon Thames 004,E02000601,4856,2181,1429,1246
2011,Kingston upon Thames 005,E02000602,4269,1755,1224,1290
2011,Kingston upon Thames 006,E02000603,3362,1231,1293,838
2011,Kingston upon Thames 007,E02000604,3904,1894,1290,720
2011,Kingston upon Thames 008,E02000605,3467,1449,1386,632
2011,Kingston upon Thames 009,E02000606,5209,2560,1405,1244
2011,Kingston upon Thames 010,E02000607,3066,1264,1062,740
2011,Kingston upon Thames 011,E02000608,3651,2095,952,604
2011,Kingston upon Thames 012,E02000609,3020,1040,1563,417
2011,Kingston upon Thames 013,E02000610,3819,1966,1155,698
2011,Kingston upon Thames 014,E02000611,3211,996,1671,544
2011,Kingston upon Thames 015,E02000612,3639,1429,1734,476
2011,Kingston upon Thames 016,E02000613,3733,1610,1498,625
2011,Kingston upon Thames 017,E02000614,3956,1314,1907,735
2011,Kingston upon Thames 018,E02000615,3579,961,2012,606
2011,Kingston upon Thames 019,E02000616,3091,737,1901,453
2011,Kingston upon Thames 020,E02000617,3915,1045,2298,572
2011,Lambeth 002,E02000619,3639,2119,347,1173
2011,Lambeth 003,E02000620,4858,2976,381,1501
2011,Lambeth 004,E02000621,5792,3938,433,1421
2011,Lambeth 005,E02000622,4442,3024,363,1055
2011,Lambeth 006,E02000623,3741,2545,426,770
2011,Lambeth 007,E02000624,3901,2767,380,754
2011,Lambeth 008,E02000625,3862,2749,403,710
2011,Lambeth 009,E02000626,3307,2188,401,718
2011,Lambeth 010,E02000627,5178,3852,409,917
2011,Lambeth 011,E02000628,4254,3145,412,697
2011,Lambeth 012,E02000629,5461,4036,485,940
2011,Lambeth 013,E02000630,4262,3086,379,797
2011,Lambeth 014,E02000631,4523,2759,545,1219
2011,Lambeth 015,E02000632,6438,4876,482,1080
2011,Lambeth 016,E02000633,4270,3068,353,849
2011,Lambeth 017,E02000634,3740,2805,342,593
2011,Lambeth 018,E02000635,4824,3313,495,1016
2011,Lambeth 019,E02000636,4411,3118,458,835
2011,Lambeth 020,E02000637,5101,3527,502,1072
2011,Lambeth 021,E02000638,4959,3485,604,870
2011,Lambeth 022,E02000639,3681,2630,493,558
2011,Lambeth 023,E02000640,5112,3560,671,881
2011,Lambeth 024,E02000641,3602,2500,553,549
2011,Lambeth 025,E02000642,4518,2978,718,822
2011,Lambeth 026,E02000643,4286,2993,657,636
2011,Lambeth 027,E02000644,4261,2787,788,686
2011,Lambeth 028,E02000645,4392,2879,766,747
2011,Lambeth 029,E02000646,5000,3407,865,728
2011,Lambeth 030,E02000647,3945,2383,936,626
2011,Lambeth 031,E02000648,2924,1855,660,409
2011,Lambeth 032,E02000649,5838,4117,890,831
2011,Lambeth 033,E02000650,3338,2221,625,492
2011,Lambeth 034,E02000651,4082,2718,833,531
2011,Lambeth 035,E02000652,3196,2027,831,338
2011,Lambeth 036,E02006801,4028,2129,273,1626
2011,Lewisham 001,E02000653,3976,2775,585,616
2011,Lewisham 002,E02000654,3112,2109,500,503
2011,Lewisham 003,E02000655,3827,2712,547,568
2011,Lewisham 005,E02000657,4430,3161,543,726
2011,Lewisham 006,E02000658,3944,2679,577,688
2011,Lewisham 007,E02000659,3531,2471,566,494
2011,Lewisham 008,E02000660,4394,3222,550,622
2011,Lewisham 009,E02000661,3300,2425,504,371
2011,Lewisham 010,E02000662,3866,2549,718,599
2011,Lewisham 011,E02000663,3513,2354,574,585
2011,Lewisham 012,E02000664,4602,3300,678,624
2011,Lewisham 013,E02000665,4014,2677,745,592
2011,Lewisham 014,E02000666,3367,2088,718,561
2011,Lewisham 015,E02000667,3170,1882,759,529
2011,Lewisham 016,E02000668,3168,1960,759,449
2011,Lewisham 017,E02000669,3767,2612,633,522
2011,Lewisham 018,E02000670,2775,1688,688,399
2011,Lewisham 019,E02000671,4111,2733,801,577
2011,Lewisham 020,E02000672,3637,2333,801,503
2011,Lewisham 021,E02000673,3952,2589,798,565
2011,Lewisham 022,E02000674,3631,2003,1161,467
2011,Lewisham 023,E02000675,3886,1977,1410,499
2011,Lewisham 024,E02000676,3815,2313,937,565
2011,Lewisham 025,E02000677,3134,1727,986,421
2011,Lewisham 026,E02000678,2429,1240,906,283
2011,Lewisham 027,E02000679,3585,2240,900,445
2011,Lewisham 028,E02000680,2955,1942,650,363
2011,Lewisham 029,E02000681,3351,1766,1102,483
2011,Lewisham 030,E02000682,3076,1583,1116,377
2011,Lewisham 031,E02000683,2536,1479,820,237
2011,Lewisham 033,E02000685,3341,2086,862,393
2011,Lewisham 034,E02000686,2543,1428,760,355
2011,Lewisham 035,E02000687,3498,2183,860,455
2011,Lewisham 037,E02006783,2723,1348,1004,371
2011,Lewisham 038,E02006784,2808,1433,1042,333
2011,Lewisham 039,E02006798,3294,2306,482,506
2011,Merton 001,E02000689,4203,2738,825,640
2011,Merton 002,E02000690,1963,1027,603,333
2011,Merton 003,E02000691,3968,2670,656,642
2011,Merton 004,E02000692,3888,2733,646,509
2011,Merton 005,E02000693,5523,3637,956,930
2011,Merton 006,E02000694,4880,3317,817,746
2011,Merton 007,E02000695,3937,2244,1195,498
2011,Merton 008,E02000696,4121,2500,983,638
2011,Merton 009,E02000697,4845,3510,709,626
2011,Merton 010,E02000698,3388,1925,1013,450
2011,Merton 011,E02000699,4143,2649,882,612
2011,Merton 012,E02000700,4027,2346,981,700
2011,Merton 013,E02000701,3692,1967,1195,530
2011,Merton 014,E02000702,3301,1715,1136,450
2011,Merton 015,E02000703,3502,1871,1053,578
2011,Merton 016,E02000704,4102,2438,1080,584
2011,Merton 017,E02000705,3655,1835,1412,408
2011,Merton 018,E02000706,3580,1945,1033,602
2011,Merton 019,E02000707,3083,1527,1208,348
2011,Merton 020,E02000708,3907,1935,1415,557
2011,Merton 021,E02000709,3583,1493,1539,551
2011,Merton 022,E02000710,3520,1770,1283,467
2011,Merton 023,E02000711,3505,1845,1126,534
2011,Merton 024,E02000712,3760,1676,1524,560
2011,Merton 025,E02000713,3684,1307,1850,527
2011,Newham 001,E02000714,3543,2433,702,408
2011,Newham 002,E02000715,2410,1537,601,272
2011,Newham 003,E02000716,2736,1783,660,293
2011,Newham 004,E02000717,2903,1974,635,294
2011,Newham 005,E02000718,2135,1262,597,276
2011,Newham 006,E02000719,3638,2554,643,441
2011,Newham 007,E02000720,2980,1844,707,429
2011,Newham 008,E02000721,3450,2229,752,469
2011,Newham 009,E02000722,3963,2971,561,431
2011,Newham 010,E02000723,3961,2577,843,541
2011,Newham 011,E02000724,3360,2153,767,440
2011,Newham 012,E02000725,4578,3635,468,475
2011,Newham 013,E02000726,4621,3569,601,451
2011,Newham 014,E02000727,3149,2142,556,451
2011,Newham 015,E02000728,3158,2114,693,351
2011,Newham 016,E02000729,2997,1992,641,364
2011,Newham 017,E02000730,3355,2253,647,455
2011,Newham 018,E02000731,3888,2713,714,461
2011,Newham 019,E02000732,2564,1656,570,338
2011,Newham 020,E02000733,4056,2980,700,376
2011,Newham 021,E02000734,3036,2196,544,296
2011,Newham 022,E02000735,2879,2088,492,299
2011,Newham 023,E02000736,2936,1769,796,371
2011,Newham 024,E02000737,3523,2126,906,491
2011,Newham 025,E02000738,3378,2098,859,421
2011,Newham 026,E02000739,2926,2063,545,318
2011,Newham 027,E02000740,2773,2000,504,269
2011,Newham 028,E02000741,3213,2085,716,412
2011,Newham 029,E02000742,2899,1699,834,366
2011,Newham 030,E02000743,2912,2016,601,295
2011,Newham 031,E02000744,3146,2023,696,427
2011,Newham 032,E02000745,3568,2184,968,416
2011,Newham 033,E02000746,2928,1891,720,317
2011,Newham 034,E02000747,5084,3853,761,470
2011,Newham 035,E02000748,2668,1641,714,313
2011,Newham 036,E02000749,3086,1956,730,400
2011,Newham 037,E02000750,5393,3909,1000,484
2011,Redbridge 001,E02000751,4605,2141,1914,550
2011,Redbridge 002,E02000752,2605,1104,1188,313
2011,Redbridge 003,E02000753,2456,1112,1089,255
2011,Redbridge 004,E02000754,2979,1517,1135,327
2011,Redbridge 005,E02000755,2379,968,1141,270
2011,Redbridge 006,E02000756,5530,2423,2537,570
2011,Redbridge 007,E02000757,5948,3219,2016,713
2011,Redbridge 008,E02000758,2342,852,1220,270
2011,Redbridge 009,E02000759,5566,2819,2071,676
2011,Redbridge 010,E02000760,2715,1169,1215,331
2011,Redbridge 012,E02000762,2636,1245,1098,293
2011,Redbridge 013,E02000763,2847,1416,1141,290
2011,Redbridge 014,E02000764,5867,3440,1839,588
2011,Redbridge 015,E02000765,2593,1382,941,270
2011,Redbridge 017,E02000767,3140,1589,1194,357
2011,Redbridge 018,E02000768,2658,1370,975,313
2011,Redbridge 019,E02000769,6001,2802,2455,744
2011,Redbridge 020,E02000770,2949,1497,1113,339
2011,Redbridge 022,E02000772,2991,1507,1089,395
2011,Redbridge 023,E02000773,3587,1801,1354,432
2011,Redbridge 024,E02000774,2715,1394,997,324
2011,Redbridge 026,E02000776,2453,1275,844,334
2011,Redbridge 027,E02000777,2646,1270,1030,346
2011,Redbridge 029,E02000779,2946,1735,846,365
2011,Redbridge 030,E02000780,5100,2764,1625,711
2011,Redbridge 031,E02000781,5200,2379,2265,556
2011,Redbridge 032,E02000782,3038,1773,880,385
2011,Redbridge 033,E02000783,2236,1190,773,273
2011,Redbridge 034,E02006800,5093,2677,1808,608
2011,Redbridge 035,E02006924,4991,2442,2003,546
2011,Redbridge 036,E02006925,5367,2291,2514,562
2011,Richmond upon Thames 001,E02000784,4202,2287,960,955
2011,Richmond upon Thames 002,E02000785,4433,2514,1132,787
2011,Richmond upon Thames 003,E02000786,5194,2951,1145,1098
2011,Richmond upon Thames 004,E02000787,5177,2674,1502,1001
2011,Richmond upon Thames 005,E02000788,4026,2044,1071,911
2011,Richmond upon Thames 006,E02000789,2852,1684,712,456
2011,Richmond upon Thames 007,E02000790,3036,1578,926,532
2011,Richmond upon Thames 008,E02000791,2849,1744,609,496
2011,Richmond upon Thames 009,E02000792,3335,1718,1016,601
2011,Richmond upon Thames 010,E02000793,3676,1270,1724,682
2011,Richmond upon Thames 011,E02000794,3244,1393,1217,634
2011,Richmond upon Thames 012,E02000795,2437,1008,874,555
2011,Richmond upon Thames 013,E02000796,4497,1455,2390,652
2011,Richmond upon Thames 014,E02000797,3864,1998,1127,739
2011,Richmond upon Thames 015,E02000798,5026,1880,2195,951
2011,Richmond upon Thames 016,E02000799,2928,1215,1108,605
2011,Richmond upon Thames 017,E02000800,2195,834,852,509
2011,Richmond upon Thames 018,E02000801,3223,1270,1209,744
2011,Richmond upon Thames 019,E02000802,3088,1081,1373,634
2011,Richmond upon Thames 020,E02000803,4226,1139,2363,724
2011,Richmond upon Thames 021,E02000804,3413,1514,1212,687
2011,Richmond upon Thames 022,E02000805,4393,1803,1632,958
2011,Richmond upon Thames 023,E02000806,4446,1533,2116,797
2011,Southwark 001,E02000807,5060,3559,618,883
2011,Southwark 002,E02000808,4908,2362,292,2254
2011,Southwark 003,E02000809,7721,3939,465,3317
2011,Southwark 004,E02000810,4414,2685,424,1305
2011,Southwark 006,E02000812,4945,2831,395,1719
2011,Southwark 007,E02000813,3868,2727,472,669
2011,Southwark 008,E02000814,5187,3546,555,1086
2011,Southwark 009,E02000815,3221,1918,218,1085
2011,Southwark 010,E02000816,4088,2538,578,972
2011,Southwark 011,E02000817,2553,1678,360,515
2011,Southwark 012,E02000818,3369,2214,336,819
2011,Southwark 013,E02000819,3567,2357,468,742
2011,Southwark 014,E02000820,4127,2757,353,1017
2011,Southwark 015,E02000821,3254,2173,484,597
2011,Southwark 016,E02000822,3393,2283,368,742
2011,Southwark 017,E02000823,3609,2424,367,818
2011,Southwark 018,E02000824,3559,2431,542,586
2011,Southwark 019,E02000825,3781,2664,536,581
2011,Southwark 020,E02000826,3915,2558,486,871
2011,Southwark 021,E02000827,4493,3128,460,905
2011,Southwark 022,E02000828,3410,2347,484,579
2011,Southwark 023,E02000829,4555,3103,652,800
2011,Southwark 024,E02000830,4493,2828,540,1125
2011,Southwark 025,E02000831,4546,2960,562,1024
2011,Southwark 026,E02000832,4171,2579,770,822
2011,Southwark 027,E02000833,3382,2206,471,705
2011,Southwark 028,E02000834,5107,3306,760,1041
2011,Southwark 029,E02000835,3304,1902,768,634
2011,Southwark 030,E02000836,4223,2637,703,883
2011,Southwark 031,E02000837,4047,2450,709,888
2011,Southwark 032,E02000838,4530,2737,909,884
2011,Southwark 033,E02000839,3428,2112,812,504
2011,Southwark 034,E02006802,3359,1886,249,1224
2011,Sutton 001,E02000840,3528,1294,1664,570
2011,Sutton 002,E02000841,3760,1277,1753,730
2011,Sutton 003,E02000842,3720,1082,2033,605
2011,Sutton 004,E02000843,3904,1566,1756,582
2011,Sutton 005,E02000844,3637,1184,1857,596
2011,Sutton 006,E02000845,4428,1818,1949,661
2011,Sutton 007,E02000846,3254,1027,1651,576
2011,Sutton 008,E02000847,4105,1291,2197,617
2011,Sutton 009,E02000848,3823,1017,2170,636
2011,Sutton 010,E02000849,3583,1298,1762,523
2011,Sutton 011,E02000850,4972,1553,2642,777
2011,Sutton 012,E02000851,3998,1652,1540,806
2011,Sutton 013,E02000852,3808,1294,1794,720
2011,Sutton 014,E02000853,3752,1282,1789,681
2011,Sutton 015,E02000854,3429,1328,1525,576
2011,Sutton 016,E02000855,3558,1201,1796,561
2011,Sutton 017,E02000856,3993,1446,2004,543
2011,Sutton 018,E02000857,4005,1910,1434,661
2011,Sutton 019,E02000858,3076,1073,1520,483
2011,Sutton 020,E02000859,3593,1289,1839,465
2011,Sutton 021,E02000860,3696,1648,1437,611
2011,Sutton 022,E02000861,3374,1139,1738,497
2011,Sutton 024,E02000863,2754,793,1647,314
2011,Sutton 025,E02006836,3575,1182,1925,468
2011,Tower Hamlets 001,E02000864,3378,2038,484,856
2011,Tower Hamlets 002,E02000865,2865,1745,336,784
2011,Tower Hamlets 003,E02000866,4600,2843,586,1171
2011,Tower Hamlets 004,E02000867,5182,3734,585,863
2011,Tower Hamlets 005,E02000868,3201,1788,264,1149
2011,Tower Hamlets 006,E02000869,2602,1226,221,1155
2011,Tower Hamlets 007,E02000870,2839,1781,315,743
2011,Tower Hamlets 008,E02000871,3100,2151,463,486
2011,Tower Hamlets 009,E02000872,3520,1801,231,1488
2011,Tower Hamlets 010,E02000873,3052,1893,351,808
2011,Tower Hamlets 011,E02000874,2500,1543,319,638
2011,Tower Hamlets 012,E02000875,3437,2297,530,610
2011,Tower Hamlets 013,E02000876,3001,1853,253,895
2011,Tower Hamlets 014,E02000877,3507,2361,515,631
2011,Tower Hamlets 015,E02000878,4637,2297,255,2085
2011,Tower Hamlets 016,E02000879,2852,1680,378,794
2011,Tower Hamlets 017,E02000880,2315,1304,248,763
2011,Tower Hamlets 018,E02000881,2245,1394,429,422
2011,Tower Hamlets 019,E02000882,2927,1729,497,701
2011,Tower Hamlets 020,E02000883,2558,1622,430,506
2011,Tower Hamlets 021,E02000884,4741,2379,282,2080
2011,Tower Hamlets 022,E02000885,2376,1400,301,675
2011,Tower Hamlets 023,E02000886,3686,2273,398,1015
2011,Tower Hamlets 024,E02000887,3221,1982,495,744
2011,Tower Hamlets 025,E02000888,3778,2329,410,1039
2011,Tower Hamlets 026,E02000889,3457,1594,319,1544
2011,Tower Hamlets 027,E02000890,3674,1881,329,1464
2011,Tower Hamlets 028,E02000891,6818,4466,614,1738
2011,Tower Hamlets 030,E02000893,3195,2043,536,616
2011,Tower Hamlets 031,E02000894,5821,4066,669,1086
2011,Tower Hamlets 032,E02006853,3596,2158,339,1099
2011,Tower Hamlets 033,E02006854,3452,1939,252,1261
2011,Waltham Forest 001,E02000895,3029,1012,1650,367
2011,Waltham Forest 002,E02000896,3923,1688,1733,502
2011,Waltham Forest 003,E02000897,3292,1273,1534,485
2011,Waltham Forest 004,E02000898,3237,1179,1620,438
2011,Waltham Forest 005,E02000899,3541,1273,1767,501
2011,Waltham Forest 006,E02000900,3314,1259,1525,530
2011,Waltham Forest 007,E02000901,4363,1838,1880,645
2011,Waltham Forest 008,E02000902,3497,1552,1432,513
2011,Waltham Forest 009,E02000903,3343,1849,1043,451
2011,Waltham Forest 010,E02000904,3627,1838,1258,531
2011,Waltham Forest 011,E02000905,4156,2395,1114,647
2011,Waltham Forest 012,E02000906,4044,2585,857,602
2011,Waltham Forest 013,E02000907,3533,2163,820,550
2011,Waltham Forest 014,E02000908,5127,3475,1083,569
2011,Waltham Forest 015,E02000909,4052,2385,991,676
2011,Waltham Forest 016,E02000910,4938,3351,912,675
2011,Waltham Forest 017,E02000911,4888,3306,947,635
2011,Waltham Forest 018,E02000912,3724,2193,967,564
2011,Waltham Forest 019,E02000913,3713,2099,995,619
2011,Waltham Forest 020,E02000914,4146,2606,882,658
2011,Waltham Forest 021,E02000915,4145,2716,956,473
2011,Waltham Forest 022,E02000916,4012,2441,954,617
2011,Waltham Forest 023,E02000917,4287,2841,894,552
2011,Waltham Forest 024,E02000918,4295,2836,935,524
2011,Waltham Forest 025,E02000919,4523,3086,924,513
2011,Waltham Forest 026,E02000920,4188,2817,877,494
2011,Waltham Forest 027,E02000921,4560,3128,927,505
2011,Waltham Forest 028,E02000922,4694,3051,1066,577
2011,Wandsworth 001,E02000923,4094,2289,477,1328
2011,Wandsworth 002,E02000924,5850,3891,685,1274
2011,Wandsworth 003,E02000925,3605,2162,468,975
2011,Wandsworth 004,E02000926,5202,3132,775,1295
2011,Wandsworth 005,E02000927,3875,2529,484,862
2011,Wandsworth 006,E02000928,4508,2751,700,1057
2011,Wandsworth 007,E02000929,3170,2178,400,592
2011,Wandsworth 008,E02000930,6336,4677,560,1099
2011,Wandsworth 009,E02000931,5207,3730,480,997
2011,Wandsworth 010,E02000932,6657,4627,783,1247
2011,Wandsworth 011,E02000933,4598,2930,831,837
2011,Wandsworth 012,E02000934,5927,4305,622,1000
2011,Wandsworth 013,E02000935,2546,1498,532,516
2011,Wandsworth 014,E02000936,4862,3450,611,801
2011,Wandsworth 015,E02000937,4034,2616,567,851
2011,Wandsworth 016,E02000938,4185,2471,897,817
2011,Wandsworth 017,E02000939,3700,2413,503,784
2011,Wandsworth 018,E02000940,4166,2674,622,870
2011,Wandsworth 019,E02000941,5321,3157,947,1217
2011,Wandsworth 020,E02000942,5008,3171,939,898
2011,Wandsworth 021,E02000943,5026,3749,455,822
2011,Wandsworth 022,E02000944,3357,2109,709,539
2011,Wandsworth 023,E02000945,3135,1958,682,495
2011,Wandsworth 024,E02000946,4386,2900,726,760
2011,Wandsworth 025,E02000947,5103,3374,834,895
2011,Wandsworth 026,E02000948,6310,4712,707,891
2011,Wandsworth 027,E02000949,5348,3632,736,980
2011,Wandsworth 028,E02000950,3842,2370,814,658
2011,Wandsworth 029,E02000951,3716,2664,458,594
2011,Wandsworth 030,E02000952,3403,2421,426,556
2011,Wandsworth 031,E02000953,4107,2652,607,848
2011,Wandsworth 032,E02000954,3125,2027,534,564
2011,Wandsworth 033,E02000955,2927,1846,501,580
2011,Wandsworth 034,E02000956,3643,2354,524,765
2011,Wandsworth 035,E02000957,5420,3609,814,997
2011,Wandsworth 036,E02000958,3595,1902,916,777
2011,Wandsworth 037,E02000959,3282,2050,727,505
2011,Westminster 001,E02000960,2620,1572,393,655
2011,Westminster 002,E02000961,3665,2437,562,666
2011,Westminster 003,E02000962,3319,2203,447,669
2011,Westminster 004,E02000963,3795,2404,593,798
2011,Westminster 005,E02000964,5212,3464,662,1086
2011,Westminster 006,E02000965,4541,3117,489,935
2011,Westminster 007,E02000966,4843,3202,604,1037
2011,Westminster 008,E02000967,3442,2083,275,1084
2011,Westminster 009,E02000968,4340,2570,475,1295
2011,Westminster 010,E02000969,3197,2007,372,818
2011,Westminster 011,E02000970,4443,2007,392,2044
2011,Westminster 012,E02000971,3888,2132,340,1416
2011,Westminster 013,E02000972,4060,1781,231,2048
2011,Westminster 014,E02000973,5165,3426,499,1240
2011,Westminster 015,E02000974,3377,1851,383,1143
2011,Westminster 016,E02000975,4708,3103,327,1278
2011,Westminster 017,E02000976,4885,3359,392,1134
2011,Westminster 018,E02000977,3533,1381,255,1897
2011,Westminster 019,E02000978,3120,1287,447,1386
2011,Westminster 020,E02000979,3727,1971,245,1511
2011,Westminster 021,E02000980,4080,2226,346,1508
2011,Westminster 022,E02000981,5049,2833,353,1863
2011,Westminster 023,E02000982,3576,2040,382,1154
2011,Westminster 024,E02000983,3872,2287,312,1273
